t,x,y,temperature_c,raw_reading_c
2.000142857142857,-0.1,0.06,21.294696434032925,21.25
2.2502500000000003,-0.1,0.06,21.23772958740231,21.1875
2.5002222222222223,-0.1,0.06,21.20834166666579,21.1875
3.0002222222222223,-0.09999626534333846,0.060006223988721796,21.170836671000227,21.1875
3.5001111111111114,-0.09999012917601541,0.06001644830680795,21.18888416772243,21.1875
4.000111111111112,-0.09999352518437765,0.06001079003980227,21.106941671851946,21.125
4.500111111111112,-0.09999523450483118,0.060007941777100005,21.094435005297164,21.1875
5.000111111111112,-0.09999354594124958,0.060010755453461885,21.081926670964524,21.1875
5.500111111111112,-0.09998823743280601,0.06001959992436485,21.124987501204636,21.1875
6.000111111111112,-0.09999375154192501,0.06001041286786631,21.180558334074057,21.1875
6.5,-0.10000003553985437,0.05999994076686958,21.193055555555567,21.1875
7.0,-0.0999970438586486,0.06000492662716536,21.205555555555566,21.1875
7.5,-0.09999868264452601,0.06000219553782488,21.275000000000006,21.25
8.0,-0.099998235989657,0.06000293991928117,21.27500000000001,21.1875
8.5,-0.09999642232507897,0.060005962388619716,21.276388888888896,21.25
9.0,-0.09998969477890506,0.060017172026190994,21.2513888888889,21.1875
9.5,-0.09999161885481236,0.06001396636445495,21.226388888888906,21.1875
10.0,-0.09999206894061341,0.06001321645250836,21.258333333333344,21.25
10.5,-0.09999299183868024,0.06001167872297556,21.220833333333346,21.1875
11.0,-0.09999297633008243,0.0600117045637897,21.183333333333344,21.1875
11.5,-0.09999380003633075,0.060010332062856525,21.145833333333346,21.1875
12.0,-0.09999546975067504,0.06000754976952338,21.1638888888889,21.1875
12.5,-0.09999404709447927,0.060009920393773813,21.138888888888903,21.1875
13.0,-0.09999577247714542,0.0600070453088549,21.16944444444446,21.1875
13.5,-0.09999807667612934,0.06000320542333517,21.156944444444456,21.1875
14.0,-0.09999460981507467,0.06000898272701313,21.144444444444456,21.1875
14.5,-0.09999728660369538,0.0600045220954088,21.244444444444454,21.25
15.0,-0.09998591826564641,0.060023463317068516,21.231944444444466,21.1875
15.5,-0.09998440504268516,0.06002598394245842,21.21944444444446,21.1875
16.0,-0.0999796409144832,0.06003391876773499,21.206944444444456,21.1875
16.5,-0.09997673031378544,0.060038765774827696,21.19444444444446,21.1875
17.0,-0.09998097393092421,0.060031698725122325,21.238888888888898,21.25
17.5,-0.09998516692200313,0.06002471487295184,21.270833333333346,21.25
18.25025,-0.09999428987920161,0.06000951584169123,21.219833352180757,21.1875
18.750375,-0.0999937098556887,0.060010482328476146,21.30906784636217,21.25
19.00033333333333,-0.09999711902408649,0.060004801365246455,21.315222776793142,21.25
19.50033333333333,-0.09999631837194291,0.06000613562009323,21.322178873793618,21.25
20.00033333333333,-0.09999614162495644,0.06000643015645607,21.259703046839277,21.1875
20.50033333333333,-0.10000088016816666,0.059998533028666375,21.19720222622834,21.1875
21.00033333333333,-0.10000153453847829,0.05999744236173348,21.19162916417608,21.25
21.50033333333333,-0.09999519266970763,0.06000801148970061,21.229141653333134,21.25
22.00033333333333,-0.09999305966286248,0.06001156571244593,21.266669158493592,21.25
22.50011111111111,-0.0999973025263818,0.060004495560310116,21.248620001629618,21.25
23.250125,-0.10000104369958802,0.05999826046639266,21.235465781497524,21.1875
23.75025,-0.10000367825719013,0.05999386914537522,21.21871430611581,21.1875
24.000222222222224,-0.10000680566631838,0.05998865576439622,21.190263896110046,21.1875
24.7505,-0.10001015158098277,0.05998307745313539,21.14625636442345,21.25
25.000444444444444,-0.10000710661387244,0.05998815405329244,21.13475750815298,21.1875
25.500444444444447,-0.10001459872825645,0.05997566207409342,21.12780085334117,21.1875
26.000444444444447,-0.10001668263607345,0.059972186840859615,21.13334502188685,21.1875
26.500444444444447,-0.10001260747857953,0.05997898253001268,21.20835000555251,21.25
27.000444444444444,-0.10001677228589899,0.05997203732999764,21.226431685295502,21.1875
27.50033333333333,-0.10001373596102567,0.05997710078953675,21.201422240000845,21.1875
28.000222222222224,-0.10001278353534747,0.05997868896126131,21.176417795259276,21.1875
28.500222222222224,-0.10000542863969918,0.059990951339264756,21.151401129488264,21.1875
29.0,-0.10000665802958895,0.059988901888206506,21.238888888888898,21.25
29.5,-0.10000656447662594,0.05998905784876497,21.213888888888903,21.1875
30.0,-0.10001124129003766,0.059981260537153344,21.1888888888889,21.1875
30.750125,-0.10001130878007737,0.059981148005819516,21.20423363268845,21.1875
31.00011111111111,-0.10000861119989478,0.059985645665177965,21.251373333482434,21.25
31.50011111111111,-0.10000011132787323,0.05999981445315442,21.283314998001394,21.25
32.00011111111111,-0.0999954535301057,0.06000757679917153,21.245822498500797,21.1875
32.75025,-0.10766356178151328,0.04481693278791786,21.113811245260298,21.125
33.00022222222222,-0.1116003761206634,0.03384310933888024,21.126362789038357,21.1875
33.50022222222222,-0.11610005010286178,0.010989921114668462,21.15691389278106,21.1875
34.00022222222222,-0.11596926051720156,-0.012293519231030486,21.144407222448457,21.1875
34.50022222222222,-0.11121587061664145,-0.03508603886119678,21.1318972161145,21.1875
35.00011111111111,-0.10202775921151723,-0.056483062507803626,21.176356666001915,21.25
35.50011111111111,-0.08877224729953205,-0.07562729738243767,21.149969998223828,21.125
36.00011111111111,-0.07196887399188139,-0.09176317985074395,21.148586663260105,21.125
36.50011111111111,-0.052307486113311215,-0.10423016308384149,21.17359166148131,21.1875
37.0,-0.030576410351062844,-0.11253925150818105,21.143055555555563,21.1875
37.5,-0.007593068739430857,-0.11637158290191342,21.212500000000013,21.25
38.0,0.015674130907463845,-0.11556090004960742,21.21250000000001,21.1875
38.5,0.03832311594943992,-0.11014235690190716,21.155555555555566,21.125
39.0,0.05943868029401441,-0.10033465644974666,21.11111111111112,21.125
39.5,0.07818664090979374,-0.08652658079010271,21.134722222222234,21.125
40.0,0.09382383479746201,-0.06926101373704008,21.07222222222223,21.125
40.5,0.10570851048986377,-0.04925150566225479,21.06666666666668,21.1875
41.250125,0.11554012936190874,-0.015826512787715165,21.101596719989548,21.1875
41.50011111111111,0.11654304928524814,-0.004209235474894286,21.198611665074424,21.25
42.00011111111111,0.11505573463656989,0.019030972839748948,21.27915999422344,21.1875
42.50011111111111,0.10898385552497754,0.04150324366721308,21.37360332200127,21.25
43.00011111111111,0.09856247189775962,0.06233329073130788,21.343058323703605,21.1875
43.50011111111111,0.08421308923214398,0.08067314052378544,21.356952490906377,21.25
44.00011111111111,0.06651452771144173,0.09579048806283579,21.28889499562875,21.1875
44.50011111111111,0.04615718082986569,0.10709581998300552,21.208324998333556,21.1875
45.00022222222222,0.023948226820452122,0.11413361657351455,21.170816670557404,21.1875
45.50011111111111,0.0008005260649193418,0.11661629027718143,21.190271669370244,21.25
46.00011111111111,-0.022387793433138126,0.11444993099684912,21.19582666829652,21.1875
46.50011111111111,-0.04467580967502293,0.10772219840805787,21.158328336629754,21.1875
47.00011111111111,-0.06518691945672038,0.09669883935043956,21.176383334815213,21.1875
47.50011111111111,-0.08310474142030284,0.08181443609436409,21.15138000237111,21.1875
48.00011111111111,-0.09770781875018551,0.06366460676899129,21.238888331036822,21.25
48.50011111111111,-0.10004084363449213,0.05993187469842283,21.270837497128884,21.25
49.00011111111111,-0.07977697926676382,0.0850625274667684,21.233331664740387,21.1875
49.5,-0.05108194275059688,0.10483623001991799,21.195833333333344,21.1875
50.0,-0.01781243386479725,0.11525067114676524,21.270833333333346,21.25
50.750125,0.03410993413450786,0.11151911223334071,21.21984970709331,21.1875
51.00011111111111,0.05038300971995079,0.10517391469149392,21.19582750190743,21.1875
51.50011111111111,0.07922027128284133,0.08558123987097205,21.215266668148644,21.25
52.00011111111111,0.09111560079851085,0.07278699946495513,21.10833167270345,21.125
52.50011111111111,0.07202982989598203,0.021907973535413724,21.126383337778176,21.1875
53.00011111111111,0.037666597509162125,-0.07177918259551094,21.156939168537534,21.1875
53.750375000000005,-0.013071810404393926,-0.2129050619679421,21.114976423680027,21.1875
54.2505,-0.046712622202890075,-0.3070919659840129,21.169651363292893,21.1875
54.50044444444445,-0.06350208813360858,-0.35417848953875963,21.175002503016987,21.1875
55.00033333333334,-0.09706941668164731,-0.4483601094309058,21.175003335775948,21.1875
55.50033333333333,-0.1306430439681024,-0.5425557372728909,21.118068071384737,21.125
56.00033333333334,-0.16420938370807117,-0.6367632037187542,21.186129443550247,21.1875
56.50033333333333,-0.19778530707773978,-0.7309502355719771,21.09860279500821,21.125
57.00033333333334,-0.2313505076299139,-0.8251516116668108,21.066638344902305,21.125
57.50033333333332,-0.2649194853959472,-0.9193491883970174,21.047173049508697,21.125
58.00011111111111,-0.29847039835605715,-1.0135093759141742,21.04026166903868,21.125
58.5,-0.33203386086298214,-1.1076868011009013,21.04583333333334,21.125
59.0,-0.3656070424520335,-1.2018826933278919,21.006944444444457,21.0625
59.5,-0.3895412655231586,-1.2690522014081642,20.993055555555564,21.0625
60.0,-0.39442789205968054,-1.282768445652326,20.948611111111124,21.0625
60.5,-0.4079115451889358,-1.2688897861727375,20.972222222222236,21.0625
61.0,-0.4269354869402757,-1.25540749731817,20.90833333333335,21.0
61.5,-0.4482523391256497,-1.245974842834853,20.926388888888898,21.0625
62.0,-0.47102283559706615,-1.240960982809952,20.956944444444456,21.0625
62.5,-0.4943238570320858,-1.2405682576332238,20.943055555555564,21.0
63.250125,-0.5282709530719868,-1.2486266986765435,20.940858635662593,21.0
63.50011111111111,-0.5388527120852031,-1.2535187151054799,20.99166000429596,21.0625
64.00011111111111,-0.5582987563561633,-1.2663422061065022,21.02915166940803,21.0625
64.50011111111111,-0.5748155955890226,-1.282779891233389,21.066648333075296,21.0625
65.00011111111111,-0.5877372661162641,-1.3021748370317154,21.1041499962974,21.0625
65.50011111111111,-0.5965422913430581,-1.3237407235397527,21.086094163315714,21.0625
66.00011111111111,-0.6008868605892772,-1.3466326932859511,21.111099994814897,21.0625
66.50011111111111,-0.6005961652066415,-1.3699150708969399,21.136109161091724,21.0625
67.00011111111111,-0.5956838787523071,-1.3926832307243513,20.99163666163018,20.9375
67.5,-0.586347541979803,-1.4140168793285635,20.97361111111112,21.0625
68.0,-0.5729587867260191,-1.433070278696397,20.99861111111112,21.0625
68.5,-0.5560424223217824,-1.4490906650064383,21.02361111111112,21.0625
69.0,-0.5362964006260484,-1.4614202260655715,21.04861111111112,21.0625
69.5,-0.5144838884529064,-1.4695851420112374,21.073611111111127,21.0625
70.0,-0.49148124561377615,-1.473252918141778,21.098611111111122,21.0625
70.5,-0.46820957453219475,-1.4722761971039184,21.066666666666677,21.0
71.25025,-0.4348159054846733,-1.4622367761073434,20.93975002378824,21.0
71.50022222222222,-0.42454782929903045,-1.45673244130748,20.92917835532188,21.0
72.250375,-0.397703428464797,-1.4344816205159039,20.888427752194456,21.0
72.50033333333334,-0.390390685600222,-1.425413999190247,20.95970558110703,21.0625
73.25075000000001,-0.3743272508902142,-1.3944530935709831,20.960922691122718,21.0
73.50066666666667,-0.37112361075580674,-1.383249077473413,20.958316717205737,21.0
74.00066666666667,-0.3681390043962098,-1.3601493727878047,20.97636058434777,21.0
74.50066666666667,-0.3698045497772281,-1.3369166712408531,21.006927773342664,21.0
75.00066666666667,-0.376054342999565,-1.3144773417573021,20.994419436121635,21.0
75.50044444444444,-0.38662580428795046,-1.2937483488734172,20.981923338606634,21.0
76.00044444444444,-0.3950218411239193,-1.2822924577258359,21.026374983886143,21.0625
76.50033333333333,-0.3841579810383319,-1.2977614471437973,21.001364714397333,21.0
77.00033333333333,-0.37119179598194796,-1.3301201215283762,21.03195610710193,21.0
77.750125,-0.3708721082303013,-1.3821433275032184,20.946410724700737,20.9375
78.00011111111111,-0.375932933503695,-1.3988704326546613,21.01941417198234,21.0625
78.50011111111111,-0.39321866373172465,-1.4291434108200847,21.006916670371616,21.0
79.00011111111111,-0.4071084190379703,-1.4438812486715176,20.994417502538578,21.0
79.50011111111111,-0.45170450561576864,-1.4301279246255405,20.981916668149914,21.0
80.00011111111111,-0.547136082312298,-1.400480461770085,21.026359163946154,21.0625
80.50011111111111,-0.6426883171089223,-1.3710635168323027,21.05692332755615,21.0
81.00011111111111,-0.7382982490191958,-1.3417561828374422,21.04442416038896,21.0
81.50022222222222,-0.8339353265227185,-1.3124751963647947,21.031913886299698,21.0
82.00011111111111,-0.9295475084660844,-1.283235011472586,21.020825001666953,21.0625
82.50011111111111,-1.0251814110934128,-1.253987555018889,21.095814998001455,21.0625
83.00011111111111,-1.1208093875414966,-1.2247345743835016,21.11526082927917,21.0625
83.50011111111111,-1.2164395037487379,-1.1954838929009157,21.065266664445225,21.0
84.00011111111111,-1.3120660083445188,-1.1662298487757852,21.072210830352454,21.0625
84.50011111111111,-1.407694813406992,-1.1369720092054223,21.12221999451804,21.0625
85.00011111111111,-1.5033144734985633,-1.1077085080291638,21.1166649952215,21.0625
85.50011111111111,-1.5989274162967555,-1.0784437539107563,21.041649995555485,21.0
86.0,-1.6945362884234938,-1.0492068688327318,20.966666666666676,21.0
86.5,-1.7901692024008324,-1.019965162679005,21.004166666666677,21.0625
87.0,-1.88579476826256,-0.9907139722883052,20.92777777777779,20.9375
87.5,-1.9814228932384006,-0.9614652609111576,20.933333333333344,21.0
88.0,-2.077050148339541,-0.9322148809791667,20.895833333333346,21.0
88.5,-2.1543889059441392,-0.9085519767883664,20.913888888888902,21.0
89.0,-2.178079884019948,-0.9013214687973525,21.0013888888889,21.0625
89.750125,-2.1606414845660264,-0.8816050685439952,21.03458482366144,21.0
90.00011111111111,-2.1544319217914407,-0.8717209211985004,21.01943916698187,21.0
90.50011111111111,-2.145115076398209,-0.8503387546743513,21.06387666533434,21.0625
91.00011111111111,-2.1402322531702933,-0.8275448736558134,21.09443582872315,21.0
91.50011111111111,-2.1399712814960625,-0.8042455249975102,21.083324996296906,21.0625
92.00011111111111,-2.1443396009811186,-0.7813629691802941,21.045826664741124,21.0
92.50011111111111,-2.1531605189906684,-0.7598106203407893,21.008323332741366,21.0
93.00011111111111,-2.166095042708969,-0.7404263482605692,20.913863334149944,20.9375
93.50022222222222,-2.182614574833901,-0.7240064232761686,20.944438895371185,21.0
94.00011111111111,-2.2020681557691764,-0.7111946902641032,20.98888833492577,21.0625
94.50011111111111,-2.223685780502791,-0.7025017716083947,20.963890002814477,21.0
95.00011111111111,-2.2465856970500773,-0.6982801868536302,20.994442500870544,21.0
95.50011111111111,-2.269863074780327,-0.6986912650538366,21.03888333185229,21.0625
96.00011111111111,-2.2926126542756764,-0.7037232484580273,21.069445829722024,21.0
96.50011111111111,-2.313905081134577,-0.7131752893452101,21.056948330888442,21.0
97.00011111111111,-2.332882384075613,-0.7266605065422641,21.044449165388478,21.0
97.50011111111111,-2.348805393736328,-0.743649493012907,21.033328331259128,21.0625
98.0,-2.361029569585906,-0.7634499545557657,20.995833333333344,21.0
98.5,-2.3690843575153187,-0.7853030010531226,21.0138888888889,21.0
99.0,-2.3726358065680273,-0.8083159342447284,20.9888888888889,21.0
99.5,-2.3715442898521757,-0.8315768660616915,21.020833333333346,21.0625
100.0,-2.365853870955621,-0.8541548588806968,21.095833333333346,21.0625
100.5,-2.355790040340011,-0.8751547909488985,21.05833333333334,21.0
101.0,-2.341757417878069,-0.8937333568834134,21.020833333333346,21.0
101.750125,-2.314514711695723,-0.915488912636224,21.015616074404857,21.0
102.00011111111111,-2.3041439290010586,-0.9208072054484973,21.001385834685227,21.0
102.50011111111111,-2.2820726334217047,-0.9282163249084238,21.03332333392654,21.0625
103.00011111111111,-2.2589650071606417,-0.9310936253982702,20.995826668592983,21.0
103.50011111111111,-2.23573955790584,-0.9293213617012315,21.015266667408184,21.0625
104.00011111111111,-2.2133314023296773,-0.922969401622087,21.020824999445008,21.0
104.50011111111111,-2.192626113144907,-0.9122870644849613,21.095834995777224,21.0625
105.00011111111111,-2.1776897153591497,-0.9007581761737187,21.058332497610813,21.0
105.50011111111111,-2.186886241710325,-0.9083067606541195,21.07777999762899,21.0625
106.0,-2.2176902054682173,-0.92459169924803,21.027777777777796,21.0
106.5,-2.251935266958451,-0.9310495392855728,20.97777777777779,21.0
107.250125,-2.3024076571187897,-0.9215736433607277,20.943093752230638,21.0
107.75025,-2.304822477270746,-0.9152297217484194,21.102673462104704,21.125
108.00022222222222,-2.3098603164117852,-0.8706011287030315,21.052797213149404,21.0
108.50022222222222,-2.321800310293139,-0.7715844745975904,20.945881664773395,20.9375
109.00022222222222,-2.334403940212672,-0.6724781850960067,20.96393111347718,21.0
109.50022222222222,-2.3472612432533557,-0.5733457213119518,20.99586500470097,21.0625
110.00022222222222,-2.3602312370519596,-0.4741993146633563,21.01392778555331,21.0
110.50022222222222,-2.373239997753708,-0.37504904691646596,21.045875011295976,21.0625
111.00022222222222,-2.386255274128832,-0.2759012353069453,21.065323072799885,21.0625
111.50011111111111,-2.3992768723402262,-0.17677466013792476,21.0153133435563,21.0
112.0,-2.4122976737833746,-0.0776503047359491,21.0763888888889,21.0
112.5,-2.4253361953312873,0.021501101995089495,21.051388888888898,21.0
113.0,-2.4369984926594026,0.11030507640146697,20.970833333333342,21.0
113.5,-2.44177054880994,0.1467320378903635,20.933333333333348,21.0
114.250125,-2.4211683870822394,0.1399885176659316,20.97883183655769,21.0625
114.50011111111111,-2.409676051727845,0.137977078413481,21.02779166388875,21.0625
115.00011111111111,-2.386357093642768,0.1374350311584735,21.033348330592172,21.0
115.50011111111111,-2.363405085353035,0.14153350957605293,21.051405829980816,21.0
116.00011111111111,-2.3417160038265075,0.15011231752783039,21.02640833259156,21.0
116.50011111111111,-2.3221753968747407,0.16282107933805143,21.001407501980633,21.0
117.00011111111111,-2.3055612890970516,0.17914393486488506,20.97640333748129,21.0
117.50011111111111,-2.2925170725368855,0.19844461527383347,21.00834750357408,21.0625
118.00022222222222,-2.2835682939901725,0.21994704145230495,21.0847694392546,21.125
118.50011111111111,-2.2790697435867022,0.2427909612212306,21.134738324186184,21.0625
119.25025,-2.2810076490990006,0.277615446626062,21.278996575613984,21.125
119.50022222222222,-2.2839513571371186,0.2888804895287554,21.223625533560178,21.0625
120.00022222222222,-2.2931417944589834,0.3102852812975856,21.25002497722291,21.125
120.50022222222222,-2.306396341937309,0.32942924926702194,21.251427759625848,21.125
121.00022222222222,-2.323196284796373,0.3455637506506808,21.170878330254418,21.0625
121.50022222222222,-2.3428627373038755,0.3580354474510216,21.19170666825578,21.1875
122.00022222222222,-2.364630490159434,0.3663552681345696,21.11668834070465,21.0625
122.50011111111111,-2.387579521551421,0.3701786052134314,21.09723333555548,21.0625
123.00011111111111,-2.4108499067523717,0.36936789025354166,21.09167166874112,21.125
123.5,-2.4334966112537706,0.3639499526792009,21.129166666666677,21.125
124.0,-2.4546133305379674,0.35414196165756745,21.11111111111112,21.125
124.5,-2.473356743673144,0.3403381808800407,21.07916666666668,21.0625
125.0,-2.4889975309763055,0.3230701072213257,21.116666666666678,21.125
125.5,-2.5008892643606737,0.30304679027089776,21.098611111111122,21.125
126.0,-2.5085654203275376,0.28105939406912417,21.122222222222234,21.0625
126.5,-2.5117201370147826,0.25796971329103,21.059722222222234,21.0625
127.0,-2.5102215316807035,0.23471754920854213,20.997222222222238,21.0625
127.5,-2.5041318991608126,0.21223156440052038,21.047222222222235,21.125
128.0,-2.493699944565489,0.19141336974580847,21.040277777777792,21.0625
128.5,-2.479338039616477,0.17308082657764634,21.04583333333335,21.0625
129.0,-2.461621866967786,0.15796888718312938,21.00833333333335,21.0625
129.5,-2.4417037653127274,0.14687151934077303,21.0263888888889,21.0625
130.0,-2.445535029164586,0.14862148695551436,21.056944444444458,21.0625
130.5,-2.4743444170112525,0.1681779449809958,21.1013888888889,21.125
131.0,-2.496115701685229,0.19540236269185537,21.076388888888903,21.0625
131.5,-2.50887039192557,0.227855723321456,21.0513888888889,21.0625
132.0,-2.511461693389331,0.26260983971656415,21.08194444444446,21.0625
132.5,-2.5036738108500116,0.29656281446282035,21.069444444444454,21.0625
133.0,-2.4987606997414225,0.3073797725115911,21.17083333333335,21.1875
133.5,-2.42864987001022,0.3116235148861592,21.190277777777794,21.125
134.250125,-2.279252361785877,0.3223468454459715,21.19975743874262,21.125
134.5001111111111,-2.229422171776469,0.32615173219641863,21.191657496649384,21.125
135.0001111111111,-2.12974331483153,0.33389666552023634,21.229158327038366,21.125
135.5001111111111,-2.030053364729583,0.3417144762112085,21.26804832492691,21.1875
136.0001111111111,-1.9303625430812221,0.34955672954844674,21.338883321481795,21.25
136.5001111111111,-1.8306748235604036,0.35740891901619987,21.372222487425066,21.25
137.0001111111111,-1.7309809206273317,0.3652798958458711,21.36805832259099,21.25
137.5001111111111,-1.6312882861945395,0.37314401418357207,21.551428320476585,21.375
138.0001111111111,-1.5315979837431375,0.38100595205831156,21.64173499377206,21.375
138.5,-1.4319310062011532,0.3888677451143973,21.625000000000007,21.3125
139.0,-1.3322383490037195,0.3967394531088135,21.62777777777779,21.375
139.5,-1.2325483033724671,0.40460579573817623,21.580555555555563,21.375
140.0,-1.132855766797775,0.41247101041189516,21.48194444444446,21.3125
140.5,-1.0331628142083173,0.4203331997364473,21.470833333333346,21.375
141.0,-0.9334736548630633,0.4281866362097173,21.434722222222227,21.375
141.5,-0.8337788715682831,0.43605382549171395,21.373611111111117,21.375
142.0,-0.734102305943937,0.44390465343801333,21.398611111111116,21.375
142.5,-0.6644750077356847,0.4493865493862911,21.48055555555556,21.4375
143.0,-0.6518685744713817,0.45037536720107385,21.437500000000007,21.375
143.750125,-0.6638298223419503,0.4060153036480571,21.39393304687498,21.3125
144.0001111111111,-0.6636579060013675,0.38851183990369637,21.449960003557216,21.4375
144.75025,-0.6547303409150971,0.3526223731696762,21.462001715177756,21.4375
145.00022222222222,-0.6519132591513304,0.3565694144736537,21.42636777952049,21.375
145.50022222222222,-0.5963084932056207,0.43303139262510193,21.45830833018845,21.4375
146.00022222222222,-0.5369186756475741,0.5136658369393683,21.534694431484613,21.5
146.50022222222222,-0.4773495970985206,0.5940689679352017,21.64303942025795,21.5625
147.00022222222222,-0.41769821012400193,0.6743582442234798,21.7694755301384,21.5625
147.50022222222222,-0.3580245468056855,0.7546121772694012,21.929263325320356,21.6875
148.0001111111111,-0.2983580628853869,0.8348381812612771,22.08479331495508,21.8125
148.50022222222222,-0.23866177014196258,0.9150936190410985,22.308391591475672,21.875
149.0001111111111,-0.17899167546958933,0.9953140015138888,22.55824246410517,22.0
149.5001111111111,-0.1193088361943811,1.075556114572505,22.640218286454193,22.0
150.0001111111111,-0.05962355504396029,1.1557855674945485,22.88051160589553,22.25
150.5001111111111,5.8248113995583727e-05,1.2360231142556422,23.18470825777859,22.4375
151.0001111111111,0.05973773450807479,1.3162644123215284,23.47087158328847,22.5625
151.5001111111111,0.11941961253745358,1.3964965804369327,23.72787658650195,22.75
152.0001111111111,0.17909583364725418,1.476739233040396,24.029347433179616,22.9375
152.5001111111111,0.2387742776510115,1.556969555196667,24.36278829612113,23.125
153.0,0.2984283564086912,1.6372015988501565,24.60277777777779,23.25
153.5,0.34696002017560296,1.7024765392063763,24.793055555555565,23.375
154.0,0.3615303271241334,1.7220715090369783,24.879166666666674,23.5625
154.5,0.36797961203546353,1.7088579009794944,24.875000000000007,23.5625
155.0,0.38146927536982644,1.6898592461807542,24.94583333333334,23.75
155.5,0.39848271001132635,1.673901346663145,24.92222222222224,23.8125
156.0,0.4183218985511241,1.6616435017482736,24.87222222222224,23.875
156.5,0.44019360388315987,1.6535721842689874,24.877777777777794,24.0
157.0,0.46323933039603293,1.6500057888135065,24.837500000000006,24.0
157.5,0.48652537517683575,1.6510898142883261,24.84722222222223,24.125
158.0,0.509121270379119,1.6567764813063992,24.850000000000005,24.1875
158.5,0.5301268243238262,1.6668334592086549,24.9138888888889,24.25
159.0,0.5487195857601158,1.6808655008974855,24.89722222222223,24.3125
159.5,0.5641541295692649,1.6983126998630242,25.011111111111127,24.4375
160.0,0.5758127508241576,1.7184765091411247,25.100000000000023,24.5
160.5,0.5832306153305767,1.74054729355357,25.163888888888906,24.5625
161.0,0.5861164050584343,1.7636501689056232,25.258333333333347,24.625
161.5,0.5843552031577871,1.786868427227458,25.28472222222224,24.6875
162.0,0.5780108692848499,1.8092884571964356,25.341666666666676,24.75
162.5,0.5673437982723846,1.8299881233593602,25.38611111111112,24.8125
163.0,0.5527834455500259,1.8481490653469939,25.41805555555557,24.875
163.5,0.5348971826174378,1.8630627932494161,25.380555555555574,24.875
164.0,0.5144148228238603,1.874120880567442,25.455555555555566,25.0
164.750125,0.4805898833941181,1.882578947551579,25.488717247535213,25.0
165.0001111111111,0.4689445973173728,1.883103105392859,25.504094975823932,25.0625
165.5001111111111,0.44580237121767036,1.8806652258364318,25.49023830378406,25.0625
166.0001111111111,0.42357565040581535,1.8736685817925298,25.444433304447017,25.0625
166.5001111111111,0.4031989916957246,1.8624032771433987,25.379174976295765,25.0625
167.0001111111111,0.38546814943110896,1.8473164128255881,25.36390664710875,25.125
167.5001111111111,0.3710908757140763,1.829013724291368,25.284741654441643,25.0625
168.0001111111111,0.36062674034548753,1.80820034648712,25.168055826720902,25.0625
168.5001111111111,0.35450870905727705,1.785724997083641,25.181946660590835,25.125
169.0,0.352978760512668,1.762501808474575,25.170833333333338,25.125
169.5,0.3560926445246574,1.7394294247869186,25.190277777777787,25.125
170.0,0.36194004302638855,1.7214914197913005,25.197222222222234,25.125
170.5,0.35791943098757734,1.7326750521198562,25.134722222222234,25.0625
171.0,0.3529127738458185,1.7671798508352716,25.129166666666684,25.125
171.5,0.3583282591787915,1.801616985048925,25.22361111111112,25.1875
172.0,0.3736757437897823,1.8329083467189304,25.306944444444447,25.25
172.5,0.3975853846159605,1.85826778047115,25.295833333333345,25.1875
173.0,0.4208270948912046,1.8724478824489075,25.25833333333333,25.125
173.5,0.44284623601842504,1.8574523718475666,25.27777777777779,25.1875
174.0,0.5252709426237349,1.8012595818514192,25.170833333333345,25.0625
174.5,0.608140626342642,1.7453837110882886,25.019444444444463,25.0
175.0,0.6911479390816258,1.68963792746097,24.83750000000002,25.0
175.5,0.7742038713351165,1.6339445837644053,24.55277777777779,24.8125
176.0,0.8572654123613979,1.5782669289784144,24.27222222222224,24.6875
176.5,0.9403464820969402,1.522604996892367,24.033333333333342,24.5625
177.0,1.0234275286321048,1.4669423936933421,23.76250000000001,24.4375
177.5,1.1065187480217977,1.411281822293555,23.47222222222223,24.3125
178.0,1.1895836323126308,1.3556059568636223,23.17222222222223,24.0625
178.5,1.2726559362240055,1.2999335855165406,22.929166666666674,24.0
179.0,1.3557289158982695,1.2442635220834881,22.672222222222242,23.8125
179.5,1.4387987220003167,1.18858900451698,22.425000000000004,23.5625
180.250125,1.5634123720154196,1.105058233359493,22.0505461877026,23.4375
180.75025,1.6465057026389907,1.0493757413672204,21.806387714590635,23.25
181.250375,1.7295993369021272,0.9936960691983534,21.651402265151724,23.125
181.50033333333332,1.77112657494717,0.9658671195280828,21.574017886679975,22.9375
182.00033333333332,1.8541940224913342,0.9102021221432373,21.469631337041044,22.8125
182.50033333333332,1.9372707398904336,0.8545468609720199,21.386078032782194,22.75
183.00033333333332,2.0203533807962097,0.798896246015079,21.338687421955697,22.5625
183.50033333333332,2.0894689401005597,0.7526175736346524,21.298277869525577,22.4375
184.00033333333332,2.1115419333335455,0.7378291086641134,21.253706604023765,22.375
184.50022222222222,2.0994419292523756,0.7312318910738446,21.278856672405457,22.3125
185.00022222222222,2.081009316630546,0.7169665623942959,21.191683479813324,22.125
185.75025,2.0595534160452815,0.6894490637045029,21.11755354970576,22.0625
186.00022222222222,2.0543419959710336,0.678997231079783,21.176557014126274,22.0625
186.50022222222222,2.047179661001488,0.6568185620340496,21.198667325047946,22.0
187.00022222222222,2.044562064894242,0.6336589959037423,21.213868714865797,21.875
187.50022222222222,2.046595836931481,0.6104481782409805,21.237415919773998,21.875
188.00022222222222,2.0531959861757794,0.588113162702223,21.17347228521244,21.75
188.50022222222222,2.0641027398970864,0.5675304897253624,21.134540304009352,21.6875
189.00022222222222,2.078881940181337,0.5495242562728814,21.120629985496052,21.625
189.5001111111111,2.096947823294708,0.534811374831803,21.077663348010688,21.625
190.0,2.1175679358507464,0.5239865010396361,21.022222222222226,21.5625
190.5,2.1399217403618978,0.5174752297893845,21.00972222222223,21.5
191.0,2.163128398919118,0.5155339863371211,21.054166666666674,21.5
191.5,2.1862656876258866,0.5182437998692727,21.03055555555557,21.4375
192.0,2.208389105365751,0.5254919820613756,21.037500000000005,21.375
192.5,2.2286307076212397,0.5369890559467021,21.090277777777786,21.4375
193.0,2.2461939759090104,0.5522862556085716,21.093055555555562,21.375
193.5,2.2603575142738803,0.570752920854602,21.04583333333334,21.3125
194.0,2.270573323209134,0.5916672585741672,21.061111111111117,21.3125
194.5,2.276434263578249,0.6142068088270941,21.083333333333346,21.3125
195.0,2.2776997785224045,0.6374589158580127,21.10000000000001,21.3125
195.750125,2.270921632255028,0.6716565562094402,21.09489733109572,21.25
196.0001111111111,2.266426482174306,0.6824166775966758,21.145837510275484,21.3125
196.5001111111111,2.254347064399523,0.7023104868864805,21.106945012516814,21.25
197.0001111111111,2.238537285302326,0.7194275950689916,21.148601676185105,21.25
197.5001111111111,2.2196533265691625,0.7330522891951927,21.172208340000807,21.25
198.0001111111111,2.198438192111096,0.7426537908519804,21.16525917209407,21.25
198.5001111111111,2.1757345873282663,0.7478492376689263,21.17081166970539,21.25
199.0001111111111,2.152452895136908,0.7484296228128812,21.13191666852054,21.1875
199.5001111111111,2.1295142144442925,0.7443706303128242,21.231934998963244,21.3125
200.0,2.110988544311513,0.7373942192692305,21.162500000000016,21.1875
200.5,2.1206585979678323,0.7414838041588608,21.21805555555556,21.25
201.0,2.153085713479292,0.7484754994244703,21.17361111111112,21.1875
201.5,2.1590730696059968,0.7408463137271126,21.141666666666676,21.1875
202.0,2.214086932470781,0.6606826712567492,21.065277777777787,21.125
202.5,2.2712393054390287,0.5787892116999459,21.013888888888903,21.125
203.0,2.3286918772029135,0.49700947998633327,20.98750000000001,21.125
203.5,2.386280224997861,0.415277879938263,20.930555555555568,21.125
204.0,2.4439052408603312,0.3335672812698839,20.940277777777787,21.0625
204.5,2.5015658057568646,0.25187122158991804,20.775000000000006,20.9375
205.0,2.5496233510202053,0.18379065209290688,20.77222222222223,21.0
205.5,2.565354723840962,0.16150717038085052,20.82083333333334,21.0625
206.0,2.5467016376770433,0.15858244266805252,20.83750000000001,21.0
206.5,2.5143863656797465,0.14541774532174873,20.83611111111112,21.0
207.0,2.48740059038903,0.12328986028617081,20.859722222222235,21.0
207.5,2.4744272214213328,0.10590179610929565,20.851388888888902,20.9375
208.0,2.5176911886338535,0.10573353886400702,20.82361111111112,20.875
208.750125,2.6681250369186658,0.10359386848146275,20.753400298854725,20.9375
209.0001111111111,2.7181663732714085,0.10258531614849101,20.727814173459457,20.875
209.5001111111111,2.8181974383454933,0.10039784238177346,20.619485013847594,20.8125
210.25025,2.968218079187082,0.0969432383180591,20.567057835947775,20.8125
210.50022222222222,3.018207721655558,0.09577830813438903,20.46952141626457,20.6875
211.00022222222222,3.1181780161190784,0.09341178275501946,20.28340338569319,20.5625
211.50022222222222,3.218151372814601,0.0910591726941094,20.184754508816,20.5625
212.00022222222222,3.3181212622888245,0.08869613488588263,20.0610872874602,20.5
212.50022222222222,3.4180960257615003,0.08634531341565892,19.7984806028073,20.3125
213.0001111111111,3.518042446245694,0.08398406181733833,19.704130048453056,20.3125
213.5001111111111,3.6180158297539022,0.08163541443941115,19.45129587769957,20.0625
214.0001111111111,3.7179855737124816,0.07928445626859244,19.248453360905593,20.0
214.5,3.8179287258124748,0.07693472710949617,19.151388888888892,19.9375
215.0,3.911442464154184,0.0747500964948017,19.00416666666668,19.8125
215.5,3.9560870841853153,0.07371189921449452,18.863888888888905,19.75
216.0,3.952483422975007,0.06748318944905933,18.772222222222226,19.625
216.5,3.9433744180732764,0.04602120578295904,18.812500000000007,19.625
217.0,3.9387136032017196,0.02318520002079355,18.747222222222227,19.5
217.750125,3.9404071118826876,-0.011683204392082192,18.7378913940752,19.4375
218.0001111111111,3.9432785888940534,-0.023000283865822667,18.72370670383877,19.375
218.5001111111111,3.952321313238547,-0.044488435614718554,18.68478004636075,19.3125
219.0001111111111,3.9654499609184306,-0.06373795884427486,18.670856715476834,19.25
219.5001111111111,3.982141852943772,-0.08000124205110652,18.6833250459264,19.25
220.25025,4.012377891422731,-0.09740596002154783,18.591574928747548,19.125
220.50022222222222,4.023439244424735,-0.10109888946164647,18.608340074735274,19.125
221.00022222222222,4.046394602963531,-0.1050908889514015,18.563856181526827,19.0
221.50022222222222,4.0696773095026275,-0.1044417867694863,18.476307836761155,18.9375
222.0001111111111,4.092364902759461,-0.09918003222092445,18.388883377778097,18.875
222.5001111111111,4.113554954114353,-0.08951524064685484,18.301356710449284,18.8125
223.0001111111111,4.132406031550844,-0.07582924354951832,18.270775036674994,18.8125
223.5001111111111,4.148153722576286,-0.058679416091434324,18.227694193658508,18.75
224.0001111111111,4.1601833199034965,-0.038737858823667974,18.227686682379954,18.6875
224.5,4.16801137105221,-0.016800980912352596,18.172222222222235,18.625
225.0,4.17132420206751,0.006260124453800125,18.216666666666672,18.625
225.5,4.169988603971158,0.029509111085838122,18.193055555555567,18.5625
226.0,4.16406073994528,0.05202818738533312,18.201388888888893,18.5625
226.5,4.15377695891238,0.07292065103611603,18.229166666666675,18.5625
227.0,4.139549562986012,0.0913510279774745,18.263888888888893,18.5625
227.5,4.121948011914446,0.10658530796941455,18.34861111111112,18.5625
228.0,4.101671163376197,0.11802021865963136,18.370833333333344,18.5
228.5,4.079522172116375,0.1252010382395277,18.387500000000006,18.5
229.0,4.056381269820835,0.12783869529029934,18.386111111111116,18.5
229.5,4.033188449406161,0.12582725972039266,18.523611111111123,18.625
230.0,4.010855183905254,0.11924835106225079,18.60555555555556,18.625
230.5,3.990269572937161,0.10836130792908621,18.675000000000008,18.625
231.0,3.9722565634224023,0.0936002473972538,18.675000000000008,18.5625
231.5,3.9575447481946395,0.07556794707233054,18.675000000000008,18.5625
232.0,3.9568191640478516,0.07445733070596988,18.67500000000001,18.5625
232.5,3.9791206445927316,0.0999489968270088,18.619444444444454,18.5625
233.0,4.008712060712472,0.1183512634704414,18.43750000000001,18.4375
233.750125,4.059910631747361,0.12773767891903137,18.295813991314095,18.5
234.25025,4.094114426010679,0.1210264459285343,18.31593110695827,18.5
234.50022222222222,4.110086559975797,0.11391698645675905,18.34725695230882,18.5
235.00022222222222,4.137952079009461,0.09300736538128457,18.338912791143215,18.4375
235.50022222222222,4.158408855408846,0.06477843339420988,18.36944806957299,18.5
236.00022222222222,4.169607043654236,0.03176769713105804,18.298609741575717,18.375
236.50022222222222,4.170549073019113,-0.0030742558136407716,18.32221445844826,18.4375
237.00022222222222,4.161155283383241,-0.036632292505009184,18.256926402321387,18.3125
237.50033333333334,4.154304930492375,-0.04960471673460846,18.301417247889617,18.5
238.00022222222222,4.091987803915405,-0.04896452181660552,18.44586583679337,18.5625
238.75025,3.9421681660159584,-0.0486653007085829,18.80689622246605,18.6875
239.00022222222222,3.8921910896642262,-0.048771303935042455,18.899968300308608,18.6875
239.50022222222222,3.7921988681260603,-0.04910353241712971,19.12912994397446,18.8125
240.00022222222222,3.6922031436409037,-0.0494944584704273,19.39584158240677,18.875
240.50022222222222,3.592207342544725,-0.04991097439234232,19.53340991816654,18.9375
241.00022222222222,3.4922005965039356,-0.05035639093124385,19.727950496596215,19.0625
241.50022222222222,3.3921999205946944,-0.05078659982418281,19.800219985564222,19.1875
242.00011111111112,3.292219426972066,-0.051226888588285266,20.034858293872933,19.375
242.50011111111112,3.192222307711566,-0.051658514722073036,20.207136646798133,19.4375
243.0,3.092246367538844,-0.052096274100014654,20.372222222222224,19.5
243.5,2.992256264818525,-0.05252825482383458,20.488888888888894,19.625
244.0,2.8922714265914626,-0.05296896113022902,20.586111111111123,19.6875
244.5,2.7968186354140467,-0.053428239259074396,20.620833333333348,19.75
245.0,2.7470970395666954,-0.0536563729944936,20.650000000000013,19.875
245.5,2.749850209516144,-0.048158553262459484,20.602777777777796,19.875
246.0,2.761199205823339,-0.01516865626082029,20.61805555555557,20.0
246.750125,2.758922377158955,0.03689596926650644,20.725288665696333,20.0625
247.00011111111112,2.753029010844721,0.053369030011826135,20.688810797845093,20.0625
247.50011111111112,2.7391163647221837,0.07681746728492139,20.727731623934364,20.1875
248.00011111111112,2.729014216081364,0.051735429308689615,20.797203285708,20.25
248.50011111111112,2.6919601080488382,-0.041336588607689226,20.79723328814748,20.25
249.00011111111112,2.6545260795306724,-0.13418352177655626,20.74030996362531,20.25
249.50011111111112,2.616929281032677,-0.2269016339187493,20.751439970511555,20.3125
250.00011111111112,2.579264387085975,-0.31956783693201624,20.788950810899255,20.4375
250.50011111111112,2.5416719092662117,-0.41193107131269613,20.825078320139987,20.4375
251.0,2.516780437964289,-0.47314207021413907,20.82916666666668,20.4375
251.5,2.513310093453134,-0.4820561145738433,20.81527777777779,20.5
252.0,2.5285117374825643,-0.5093441108015441,20.881944444444457,20.5625
252.5,2.536270848306356,-0.5433479599532111,20.929166666666678,20.5625
253.0,2.5336396238408905,-0.5781271478710456,20.913888888888906,20.5625
253.75025,2.5132690734759735,-0.5942323526493369,20.854809478239414,20.625
254.00022222222222,2.4648051301722695,-0.6040098819909012,20.852725499442478,20.625
254.50022222222222,2.3670787549376735,-0.6243841548939134,20.918014369511464,20.6875
255.00022222222222,2.2693287126529733,-0.645217450411775,20.99025213083331,20.75
255.50022222222222,2.1715761950194468,-0.666208522825154,20.943061034073015,20.6875
256.0002222222222,2.0738254556149784,-0.6872638314675761,21.015303806427283,20.8125
256.5002222222222,1.9760793456441843,-0.7083415751417643,21.08061769951997,20.8125
257.25037499999996,1.8294231380649146,-0.7400123766364526,21.022333225228877,20.75
257.5003333333333,1.78055312475512,-0.7505680955322539,21.016687430248997,20.8125
258.00011111111115,1.682843498343049,-0.7716559605809579,20.99996665629967,20.8125
258.50011111111115,1.5850931735237481,-0.7927432118761125,20.945813324298097,20.8125
259.25037499999996,1.4384131555088349,-0.8243923994282393,20.922912626714968,20.8125
259.5003333333333,1.3895480360307069,-0.8349290545152034,20.961048588635297,20.875
260.0003333333333,1.291800245541585,-0.856018020674168,20.931896087571594,20.875
260.5003333333333,1.1940483753864475,-0.8771192517070835,20.976357180116768,20.875
261.0003333333333,1.0962955675001649,-0.8982161360826113,21.06527938487258,20.9375
261.5002222222222,1.0043172645039802,-0.9180546726701304,21.0736005037734,20.9375
262.0002222222222,0.9582758640841271,-0.9279928673121906,21.100009949317474,20.9375
262.5002222222222,0.9600134285094521,-0.9219932195745693,21.158371619749932,21.0
263.0002222222222,0.964039531975647,-0.8990236391674834,21.12225774634517,20.9375
263.5,0.9634216826957787,-0.8757366647295289,21.061111111111117,20.9375
264.0,0.9581901128863209,-0.8530177185854441,21.030555555555562,20.9375
264.5,0.9485606578477515,-0.8318048253466278,21.044444444444455,21.0
265.0,0.9349066690427897,-0.8129180704043945,21.03333333333335,21.0
265.5,0.9177836952737144,-0.7971270485898243,20.995833333333344,20.9375
266.0,0.8978664343192099,-0.7850507138411106,20.95833333333335,20.9375
266.5,0.8759260397462103,-0.7771654543894122,20.977777777777792,21.0
267.0,0.852882867194079,-0.7738013564185146,20.983333333333345,20.9375
267.5,0.8296280275616502,-0.7750818159157363,20.945833333333347,20.9375
268.0,0.807099022510692,-0.780953909759975,20.965277777777793,21.0
268.5,0.7861806723424346,-0.7911863327871742,20.97222222222224,21.0
269.0,0.7677013057260004,-0.805380718625479,21.07916666666668,21.0625
269.5,0.7524215329262712,-0.8229527347978238,21.116666666666678,21.0
270.0,0.7409374801822174,-0.8432098396780359,21.09861111111112,21.0
270.5,0.7337075475893422,-0.8653413842905563,21.01111111111112,20.9375
271.0,0.7310180456961167,-0.8884642635237925,21.036111111111122,21.0
271.5,0.7329776015989008,-0.9116765953018577,21.005555555555564,21.0
272.0,0.739507898752605,-0.9340274108314824,21.019444444444453,21.0625
272.5,0.7503513223373959,-0.954639651822114,21.00694444444446,21.0
273.0,0.7650663682678195,-0.9726779982905246,21.051388888888898,21.0625
273.5,0.783075638819418,-0.9874373731643945,21.081944444444456,21.0
274.0,0.8036532586840852,-0.9983227540571987,21.069444444444457,21.0
274.750125,0.8375447005552187,-1.0064931609493288,20.997764883431977,21.0
275.00011111111115,0.8492011834646139,-1.006918788002522,20.98888833492565,21.0
275.50011111111115,0.8723289397155765,-1.0042824398279269,20.96389000281439,21.0
276.00011111111115,0.8944830251650974,-0.9971006183599288,20.938888337814557,21.0
276.50011111111115,0.9147650861398114,-0.9856621526840964,20.912500005185198,20.9375
277.00011111111115,0.932376804755303,-0.9704154112725989,20.969439168537484,21.0625
277.50011111111115,0.9466051807701188,-0.951975232725893,21.012501666147983,21.0
278.00011111111115,0.9568804499772752,-0.9310882884614451,21.012502499759048,21.0
278.50011111111115,0.9578760749562523,-0.9283141680267987,21.012503333481327,21.0
279.0,0.9427235275277954,-0.9578078964494032,21.01250000000001,21.0
279.5,0.9185321716952702,-0.982894983267382,21.069444444444457,21.0625
280.0,0.8879985966832985,-0.9997170672337061,21.05694444444445,21.0
280.5,0.8725506676467722,-1.0042341252978568,21.101388888888902,21.0625
281.0,0.8322686211678497,-0.9615659886144267,21.077777777777786,21.0625
281.5,0.7635904587808712,-0.8889880067774582,21.14027777777779,21.0625
282.0,0.6946934257339749,-0.8165389111669995,21.14722222222224,21.0625
282.5,0.6257315259088363,-0.7441389882429529,21.084722222222233,21.0
283.0,0.5567139289958396,-0.6717697134632402,21.079166666666676,21.0625
283.5,0.48768853959850267,-0.5994048531754871,21.061111111111124,21.0625
284.0,0.4186689982354954,-0.5270353046185517,21.086111111111112,21.0625
284.5,0.34965896658300094,-0.4546656817506691,20.99861111111112,21.0
285.0,0.2806380914501047,-0.38230182057566137,20.966666666666676,21.0
285.5,0.2116238357148279,-0.30993766385173993,21.061111111111124,21.125
286.0,0.1425969199694588,-0.23757628163913944,21.08611111111112,21.0625
286.7505,0.06335263181966072,-0.1544800304223383,21.08145534527773,21.0625
287.00044444444444,0.05761560902336004,-0.14847393103704715,21.080546650096228,21.0625
287.50044444444444,0.06820656538433131,-0.14556179017371412,21.09304663587722,21.0625
288.00044444444444,0.08954487754098367,-0.13614089481502728,21.16247324567886,21.125
288.50044444444444,0.10858244330118937,-0.12266751533125811,21.16249990518576,21.0625
289.00044444444444,0.12455968176053558,-0.10568737031993236,21.163889917310783,21.125
289.50044444444444,0.13685045249197325,-0.08586536157658566,21.140259943098155,21.125
290.00044444444444,0.14495456480996666,-0.0640068103087141,21.202823263012203,21.125
290.50044444444444,0.14855344087685896,-0.040984891962531945,21.209786628639595,21.125
291.0,0.14751176207872374,-0.01773842470764372,21.20416666666668,21.125
291.5,0.14187285915727996,0.0048532434147367295,21.186111111111124,21.125
292.0,0.13185066326262446,0.025890112444925395,21.155555555555562,21.125
292.5,0.11785153223737199,0.04451041359144174,21.225000000000012,21.1875
293.0,0.10044924847873302,0.05996443277909647,21.169444444444455,21.125
293.5,0.08030653178320801,0.07166400181614306,21.15694444444446,21.125
294.0,0.05824920278883299,0.07912533282859757,21.2013888888889,21.1875
294.5,0.03515396632713954,0.08205597472312477,21.176388888888898,21.125
295.0,0.011926795569438126,0.08033926100933661,21.208333333333343,21.1875
295.750125,-0.021122676521180314,0.06924672052426138,21.22767261508118,21.1875
296.00011111111115,-0.031213717276230082,0.06341757428015567,21.17778666340754,21.125
296.50011111111115,-0.049404785805094824,0.048893243139224926,21.1277949991843,21.125
297.00011111111115,-0.0643508669705288,0.03104234749576415,21.13335083290641,21.125
297.50011111111115,-0.07545699559591729,0.010569233147731394,21.15279166666586,21.1875
298.00011111111115,-0.08227198769650972,-0.01169686031112676,21.102788336999623,21.125
298.50011111111115,-0.08452741830249214,-0.03487433555348498,21.108345003777604,21.125
299.25025,-0.07921489627313671,-0.06932335181009788,21.157410713003838,21.1875
299.5002222222222,-0.07518115020533295,-0.08026994177108412,21.24725027057068,21.25
300.00011111111115,-0.06394983933462006,-0.10067670061492141,21.297214992816222,21.1875
300.50011111111115,-0.048896919244737005,-0.11843465154706856,21.29166665925975,21.1875
301.00011111111115,-0.03059918016717797,-0.13286015436786058,21.273616660740426,21.1875
301.50011111111115,-0.009802103342750196,-0.14335892913972914,21.24306249675865,21.1875
302.00011111111115,0.012649229706315483,-0.1495114127597632,21.19861999970315,21.125
302.50011111111115,0.035897945351355064,-0.1510813046862405,21.111104168982365,21.125
303.00011111111115,0.05798459500999479,-0.14823251600451992,21.023576666372335,21.125
303.5,0.05828103415537828,-0.14816460505030304,20.99166666666668,21.125
304.0,0.0582872839294868,-0.14816316472223426,21.02777777777779,21.125
304.5,0.05827864185293553,-0.14816515668379332,21.033333333333346,21.125
305.0,0.058287331099911736,-0.14816315407060177,21.051388888888894,21.125
305.5,0.05830296396382247,-0.14815954929841685,21.08194444444445,21.125
306.0,0.05830600640149894,-0.1481588475139161,21.068055555555567,21.0625
306.5,0.05829515300854061,-0.14816135081347515,21.080555555555563,21.125
307.0,0.058302048226989985,-0.14815976062376557,21.093055555555573,21.125
307.5,0.05831165252621945,-0.1481575449103224,21.162500000000005,21.1875
308.0,0.05831030525333453,-0.14815785579222607,21.219444444444456,21.1875
